S,W,T,a0,a0/W,w/b,S/W,W-a0,λ,Dmax,fc,age,GF
400,100,100,50,0.5,0.26,4,50,0,4,59.1,28,112.034
400,100,100,50,0.5,0.26,4,50,0.6,10,81.7,28,172.206
400,100,100,50,0.5,0.26,4,50,0.6,16,84.3,28,194.126
400,100,100,50,0.5,0.26,4,50,0.6,20,75.7,28,237.536
400,100,100,50,0.5,0.26,4,50,0.39,20,82.7,28,171.564
400,100,100,50,0.5,0.26,4,50,0.6,20,86.5,28,187.143
400,100,100,50,0.5,0.26,4,50,0.8,20,66.5,28,179.672
400,100,100,50,0.5,0.44,4,50,0.26,20,43.5,28,148.749
400,100,100,50,0.5,0.44,4,50,0.43,20,50.6,28,174.138
400,100,100,50,0.5,0.44,4,50,0.6,20,55.8,28,175.638
600,150,80,50,0.33,0.51,4,100,0.55,19,33.1,7,120
304.8,76.2,76.2,15.24,0.2,0.53,4,60.96,0.56,10,39.438,8,163.2218
304.8,76.2,76.2,25.15,0.33,0.53,4,51.05,0.56,10,39.438,8,157.410925
304.8,76.2,76.2,30.48,0.4,0.53,4,45.72,0.56,10,39.438,8,147.77
304.8,76.2,76.2,38.1,0.5,0.53,4,38.1,0.56,10,39.438,8,109.67845
457.2,114.3,76.2,22.86,0.2,0.53,4,91.44,0.56,10,39.438,8,164.993675
457.2,114.3,76.2,37.72,0.33,0.53,4,76.58,0.56,10,39.438,8,138.506375
457.2,114.3,76.2,45.72,0.4,0.53,4,68.58,0.56,10,39.438,8,130.757025
457.2,114.3,76.2,57.15,0.5,0.53,4,57.15,0.56,10,39.438,8,117.003775
609.6,152.4,76.2,30.48,0.2,0.53,4,121.92,0.56,10,39.438,8,140.42175
609.6,152.4,76.2,50.29,0.33,0.53,4,102.11,0.56,10,39.438,8,126.340025
609.6,152.4,76.2,60.96,0.4,0.53,4,91.44,0.56,10,39.438,8,127.90575
609.6,152.4,76.2,76.2,0.5,0.53,4,76.2,0.56,10,39.438,8,132.20375
800,100,100,50,0.5,0.3,8,50,0.55,19,74.6,28,215
800,100,100,50,0.5,0.49,8,50,0.55,19,30.1,28,165
800,100,100,50,0.5,0.31,8,50,0.56,19,79.4,28,135
800,100,100,50,0.5,0.48,8,50,0.54,19,33.1,28,130
800,100,100,50,0.5,0.3,8,50,0.56,19,61.4,28,170
800,100,100,50,0.5,0.48,8,50,0.55,19,29.6,28,140
800,100,100,50,0.5,0.3,8,50,0.56,19,60.9,28,180
800,100,100,50,0.5,0.48,8,50,0.56,19,31,28,140
800,100,100,50,0.5,0.3,8,50,0,1.25,79,28,75
800,100,100,50,0.5,0.48,8,50,0,1.25,34.6,28,55
800,100,100,50,0.5,0.34,8,50,0.53,9.5,48,70,116
800,100,100,50,0.5,0.3,8,50,0.55,9.5,49,70,120
190.5,76.2,38.1,12.73,0.17,0.31,2.5,63.47,0.54,9.5,78,70,127
381,152.4,38.1,25.45,0.17,0.31,2.5,126.95,0.54,9.5,78,70,144
762,304.8,38.1,51,0.17,0.31,2.5,253.8,0.54,9.5,78,70,150
95.25,38.1,38.1,12.7,0.33,0.3,2.5,25.4,0.55,9.5,84,70,132
190.5,76.2,38.1,25.4,0.33,0.3,2.5,50.8,0.55,9.5,84,70,170
381,152.4,38.1,50.8,0.33,0.3,2.5,101.6,0.55,9.5,84,70,183
95.25,38.1,38.1,12.7,0.33,0.3,2.5,25.4,0.55,9.5,82,70,112
190.5,76.2,38.1,25.4,0.33,0.3,2.5,50.8,0.55,9.5,82,70,168
381,152.4,38.1,50.8,0.33,0.3,2.5,101.6,0.55,9.5,82,70,208
95.25,38.1,38.1,6.36,0.17,0.3,2.5,31.74,0.55,9.5,78,70,108
190.5,76.2,38.1,12.73,0.17,0.3,2.5,63.47,0.55,9.5,78,70,123
381,152.4,38.1,25.45,0.17,0.3,2.5,126.95,0.55,9.5,78,70,135
762,304.8,38.1,51,0.17,0.3,2.5,253.8,0.55,9.5,78,70,145
95.25,38.1,38.1,6.36,0.17,0.3,2.5,31.74,0.55,9.5,88,70,140
190.5,76.2,38.1,12.73,0.17,0.3,2.5,63.47,0.55,9.5,88,70,153
381,152.4,38.1,25.45,0.17,0.3,2.5,126.95,0.55,9.5,88,70,185
762,304.8,38.1,51,0.17,0.3,2.5,253.8,0.55,9.5,88,70,219
95.25,38.1,38.1,6.36,0.17,0.25,2.5,31.74,0.58,9.5,69,70,121
190.5,76.2,38.1,12.73,0.17,0.25,2.5,63.47,0.58,9.5,69,70,127
381,152.4,38.1,25.45,0.17,0.25,2.5,126.95,0.58,9.5,69,70,146
762,304.8,38.1,51,0.17,0.25,2.5,253.8,0.58,9.5,69,70,168
800,100,100,50,0.5,0.34,8,50,0.53,9.5,48,70,125
800,100,100,50,0.5,0.34,8,50,0.53,9.5,48,70,110
800,100,100,50,0.5,0.34,8,50,0.53,9.5,48,70,112
800,100,100,50,0.5,0.34,8,50,0.53,9.5,48,70,120
800,100,100,50,0.5,0.3,8,50,0.55,9.5,49,70,119
800,100,100,50,0.5,0.3,8,50,0.55,9.5,49,70,115
800,100,100,50,0.5,0.3,8,50,0.55,9.5,49,70,118
800,100,100,50,0.5,0.3,8,50,0.55,9.5,49,70,128
800,100,100,50,0.5,0.3,8,50,0.55,9.5,49,70,113
800,100,100,50,0.5,0.3,8,50,0.55,9.5,49,70,126
460,100,100,50,0.5,0.32,4.6,50,0.63,10,81,91,82
460,100,100,50,0.5,0.32,4.6,50,0.63,10,93,91,71
460,100,100,50,0.5,0.23,4.6,50,0.63,10,103,91,61
460,100,100,50,0.5,0.23,4.6,50,0.63,10,104,91,60
460,100,100,50,0.5,0.32,4.6,50,0.63,20,91,91,73
460,100,100,50,0.5,0.32,4.6,50,0.63,20,100,91,93
460,100,100,50,0.5,0.23,4.6,50,0.63,20,115,91,75
460,100,100,50,0.5,0.23,4.6,50,0.63,20,115,91,116
460,100,100,50,0.5,0.32,4.6,50,0.63,10,85,91,114
460,100,100,50,0.5,0.32,4.6,50,0.63,10,87,91,137
460,100,100,50,0.5,0.23,4.6,50,0.63,10,102,91,105
460,100,100,50,0.5,0.23,4.6,50,0.63,10,104,91,132
1200,200,80,40,0.2,0.5,6,160,0.61,20,38.5,28,91.9
1200,200,80,60,0.3,0.5,6,140,0.61,20,38.5,28,88.7
1200,200,80,80,0.4,0.5,6,120,0.61,20,38.5,28,85.5
1200,200,80,100,0.5,0.5,6,100,0.61,20,38.5,28,63.3
1200,200,80,120,0.6,0.5,6,80,0.61,20,38.5,28,55.9
1500,240,80,24,0.1,0.5,6.3,216,0.61,20,38.5,28,110
1500,240,80,48,0.2,0.5,6.3,192,0.61,20,38.5,28,96.2
1500,240,80,72,0.3,0.5,6.3,168,0.61,20,38.5,28,88
1500,240,80,96,0.4,0.5,6.3,144,0.61,20,38.5,28,85.2
1500,240,80,120,0.5,0.5,6.3,120,0.61,20,38.5,28,69.6
1500,240,80,144,0.6,0.5,6.3,96,0.61,20,38.5,28,58.6
1800,300,80,60,0.2,0.5,6,240,0.61,20,38.5,28,95.5
1800,300,80,90,0.3,0.5,6,210,0.61,20,38.5,28,86.5
1800,300,80,120,0.4,0.5,6,180,0.61,20,38.5,28,78.1
1800,300,80,150,0.5,0.5,6,150,0.61,20,38.5,28,73.2
1800,300,80,180,0.6,0.5,6,120,0.61,20,38.5,28,59.3
1000,140,80,28,0.2,0.5,7.1,112,0.61,20,38.5,28,85
1000,140,80,42,0.3,0.5,7.1,98,0.61,20,38.5,28,81.8
1000,140,80,56,0.4,0.5,7.1,84,0.61,20,38.5,28,72.2
1000,140,80,70,0.5,0.5,7.1,70,0.61,20,38.5,28,56.1
1000,140,80,84,0.6,0.5,7.1,56,0.61,20,38.5,28,52.6
200,51,40,5.1,0.1,0.5,3.9,45.9,0.61,10,39.9,28,65.4
200,51,40,10.2,0.2,0.5,3.9,40.8,0.61,10,39.9,28,69.5
200,51,40,15.3,0.3,0.5,3.9,35.7,0.61,10,39.9,28,67.3
200,51,40,20.4,0.4,0.5,3.9,30.6,0.61,10,39.9,28,63.6
200,51,40,25.5,0.5,0.5,3.9,25.5,0.61,10,39.9,28,60.1
200,51,40,30.6,0.6,0.5,3.9,20.4,0.61,10,39.9,28,53.1
200,64,40,6.4,0.1,0.5,3.1,57.6,0.61,10,39.9,28,76.1
200,64,40,12.8,0.2,0.5,3.1,51.2,0.61,10,39.9,28,80.2
200,64,40,19.2,0.3,0.5,3.1,44.8,0.61,10,39.9,28,76.5
200,64,40,25.6,0.4,0.5,3.1,38.4,0.61,10,39.9,28,71.8
200,64,40,32,0.5,0.5,3.1,32,0.61,10,39.9,28,67.4
200,64,40,38.4,0.6,0.5,3.1,25.6,0.61,10,39.9,28,62
200,76,40,7.6,0.1,0.5,2.6,68.4,0.61,10,39.9,28,81.9
200,76,40,15.2,0.2,0.5,2.6,60.8,0.61,10,39.9,28,82.9
200,76,40,22.8,0.3,0.5,2.6,53.2,0.61,10,39.9,28,81.1
200,76,40,30.4,0.4,0.5,2.6,45.6,0.61,10,39.9,28,77.4
200,76,40,38,0.5,0.5,2.6,38,0.61,10,39.9,28,73.9
200,76,40,45.6,0.6,0.5,2.6,30.4,0.61,10,39.9,28,64.7
200,102,40,10.2,0.1,0.5,2,91.8,0.61,10,39.9,28,99
200,102,40,20.4,0.2,0.5,2,81.6,0.61,10,39.9,28,105
200,102,40,30.6,0.3,0.5,2,71.4,0.61,10,39.9,28,102
200,102,40,40.8,0.4,0.5,2,61.2,0.61,10,39.9,28,92.7
200,102,40,51,0.5,0.5,2,51,0.61,10,39.9,28,90
200,102,40,61.2,0.6,0.5,2,40.8,0.61,10,39.9,28,84.2
400,64,55,6.4,0.1,0.5,6.3,57.6,0.61,14,39.9,28,63.7
400,64,55,12.8,0.2,0.5,6.3,51.2,0.61,14,39.9,28,66.8
400,64,55,19.2,0.3,0.5,6.3,44.8,0.61,14,39.9,28,60.9
400,64,55,25.6,0.4,0.5,6.3,38.4,0.61,14,39.9,28,57.1
400,64,55,32,0.5,0.5,6.3,32,0.61,14,39.9,28,53.1
400,64,55,38.4,0.6,0.5,6.3,25.6,0.61,14,39.9,28,50.1
400,76,55,7.6,0.1,0.5,5.3,68.4,0.61,14,39.9,28,73.1
400,76,55,15.2,0.2,0.5,5.3,60.8,0.61,14,39.9,28,76.3
400,76,55,22.8,0.3,0.5,5.3,53.2,0.61,14,39.9,28,68.8
400,76,55,30.4,0.4,0.5,5.3,45.6,0.61,14,39.9,28,62.8
400,76,55,38,0.5,0.5,5.3,38,0.61,14,39.9,28,53.6
400,76,55,45.6,0.6,0.5,5.3,30.4,0.61,14,39.9,28,51.5
400,102,55,10.2,0.1,0.5,3.9,91.8,0.61,14,39.9,28,91.2
400,102,55,20.4,0.2,0.5,3.9,81.6,0.61,14,39.9,28,96.4
400,102,55,30.6,0.3,0.5,3.9,71.4,0.61,14,39.9,28,84.3
400,102,55,40.8,0.4,0.5,3.9,61.2,0.61,14,39.9,28,78.9
400,102,55,51,0.5,0.5,3.9,51,0.61,14,39.9,28,66.7
400,102,55,61.2,0.6,0.5,3.9,40.8,0.61,14,39.9,28,62.2
400,127,55,12.7,0.1,0.5,3.1,114.3,0.61,14,39.9,28,107
400,127,55,38.1,0.3,0.5,3.1,88.9,0.61,14,39.9,28,103
400,127,55,50.8,0.4,0.5,3.1,76.2,0.61,14,39.9,28,101
400,127,55,63.5,0.5,0.5,3.1,63.5,0.61,14,39.9,28,85
400,127,55,76.2,0.6,0.5,3.1,50.8,0.61,14,39.9,28,76.3
600,76,80,7.6,0.1,0.5,7.9,68.4,0.61,20,37.6,28,69.1
600,76,80,15.2,0.2,0.5,7.9,60.8,0.61,20,37.6,28,72.1
600,76,80,22.8,0.3,0.5,7.9,53.2,0.61,20,37.6,28,71.3
600,76,80,30.4,0.4,0.5,7.9,45.6,0.61,20,37.6,28,66.2
600,76,80,38,0.5,0.5,7.9,38,0.61,20,37.6,28,54.5
600,76,80,45.6,0.6,0.5,7.9,30.4,0.61,20,37.6,28,53.4
600,102,80,10.2,0.1,0.5,5.9,91.8,0.61,20,37.6,28,87.9
600,102,80,20.4,0.2,0.5,5.9,81.6,0.61,20,37.6,28,93.3
600,102,80,30.6,0.3,0.5,5.9,71.4,0.61,20,37.6,28,84.9
600,102,80,40.8,0.4,0.5,5.9,61.2,0.61,20,37.6,28,83.7
600,102,80,51,0.5,0.5,5.9,51,0.61,20,37.6,28,80.1
600,102,80,61.2,0.6,0.5,5.9,40.8,0.61,20,37.6,28,71.1
600,127,80,12.7,0.1,0.5,4.7,114.3,0.61,20,37.6,28,102
600,127,80,25.4,0.2,0.5,4.7,101.6,0.61,20,37.6,28,108
600,127,80,38.1,0.3,0.5,4.7,88.9,0.61,20,37.6,28,102
600,127,80,50.8,0.4,0.5,4.7,76.2,0.61,20,37.6,28,92.4
600,127,80,63.5,0.5,0.5,4.7,63.5,0.61,20,37.6,28,83.8
600,127,80,76.2,0.6,0.5,4.7,50.8,0.61,20,37.6,28,75
600,152,80,15.2,0.1,0.5,3.9,136.8,0.61,20,37.6,28,113
600,152,80,30.4,0.2,0.5,3.9,121.6,0.61,20,37.6,28,117
600,152,80,45.6,0.3,0.5,3.9,106.4,0.61,20,37.6,28,114
600,152,80,60.8,0.4,0.5,3.9,91.2,0.61,20,37.6,28,110
600,152,80,76,0.5,0.5,3.9,76,0.61,20,37.6,28,94.9
600,152,80,91.2,0.6,0.5,3.9,60.8,0.61,20,37.6,28,86.5
600,102,80,20.4,0.2,0.5,5.9,81.6,0.61,20,38.5,28,92.3
600,102,80,30.6,0.3,0.5,5.9,71.4,0.61,20,38.5,28,85.3
600,102,80,40.8,0.4,0.5,5.9,61.2,0.61,20,38.5,28,77.5
600,102,80,51,0.5,0.5,5.9,51,0.61,20,38.5,28,70.9
600,102,80,61.2,0.6,0.5,5.9,40.8,0.61,20,38.5,28,63.8
600,102,80,20.4,0.2,0.55,5.9,81.6,0.61,20,34.2,28,84.8
600,102,80,30.6,0.3,0.55,5.9,71.4,0.61,20,34.2,28,80.1
600,102,80,40.8,0.4,0.55,5.9,61.2,0.61,20,34.2,28,69.2
600,102,80,51,0.5,0.55,5.9,51,0.61,20,34.2,28,60.7
600,102,80,61.2,0.6,0.55,5.9,40.8,0.61,20,34.2,28,54.5
600,102,80,20.4,0.2,0.6,5.9,81.6,0.61,20,28,28,69.8
600,102,80,30.6,0.3,0.6,5.9,71.4,0.61,20,28,28,67.5
600,102,80,40.8,0.4,0.6,5.9,61.2,0.61,20,28,28,52.3
600,102,80,51,0.5,0.6,5.9,51,0.61,20,28,28,48.9
600,102,80,61.2,0.6,0.6,5.9,40.8,0.61,20,28,28,44.9
600,102,80,20.4,0.2,0.65,5.9,81.6,0.61,20,23.8,28,61.3
600,102,80,30.6,0.3,0.65,5.9,71.4,0.61,20,23.8,28,54.3
600,102,80,40.8,0.4,0.65,5.9,61.2,0.61,20,23.8,28,45.5
600,102,80,51,0.5,0.65,5.9,51,0.61,20,23.8,28,38.7
600,102,80,61.2,0.6,0.65,5.9,40.8,0.61,20,23.8,28,36.3
600,102,80,20.4,0.2,0.5,5.9,81.6,0.61,20,41.3,28,124
600,102,80,30.6,0.3,0.5,5.9,71.4,0.61,20,41.3,28,110
600,102,80,40.8,0.4,0.5,5.9,61.2,0.61,20,41.3,28,105
600,102,80,51,0.5,0.5,5.9,51,0.61,20,41.3,28,90.7
600,102,80,61.2,0.6,0.5,5.9,40.8,0.61,20,41.3,28,77.7
600,102,80,20.4,0.2,0.55,5.9,81.6,0.61,20,35.8,28,112
600,102,80,30.6,0.3,0.55,5.9,71.4,0.61,20,35.8,28,100
600,102,80,40.8,0.4,0.55,5.9,61.2,0.61,20,35.8,28,88.2
600,102,80,51,0.5,0.55,5.9,51,0.61,20,35.8,28,75
600,102,80,61.2,0.6,0.55,5.9,40.8,0.61,20,35.8,28,66.4
600,102,80,20.4,0.2,0.6,5.9,81.6,0.61,20,30.2,28,101.6
600,102,80,30.6,0.3,0.6,5.9,71.4,0.61,20,30.2,28,83.2
600,102,80,40.8,0.4,0.6,5.9,61.2,0.61,20,30.2,28,72.8
600,102,80,51,0.5,0.6,5.9,51,0.61,20,30.2,28,65.4
600,102,80,61.2,0.6,0.6,5.9,40.8,0.61,20,30.2,28,56
600,102,80,20.4,0.2,0.65,5.9,81.6,0.61,20,24.9,28,77.7
600,102,80,30.6,0.3,0.65,5.9,71.4,0.61,20,24.9,28,64.8
600,102,80,40.8,0.4,0.65,5.9,61.2,0.61,20,24.9,28,57.9
600,102,80,51,0.5,0.65,5.9,51,0.61,20,24.9,28,52.4
600,102,80,61.2,0.6,0.65,5.9,40.8,0.61,20,24.9,28,43.2
800,100,100,25,0.25,0.2,8,75,0.69,16,85.2,28,93.8
800,100,100,25,0.25,0.3,8,75,0.69,16,68.2,28,85.1
800,100,100,25,0.25,0.2,8,75,0.97,16,97.6,28,149.9
800,100,100,25,0.25,0.3,8,75,0.97,16,66,28,146.8
800,100,100,25,0.25,0.2,8,75,0.82,16,94.8,28,126.7
800,100,100,25,0.25,0.3,8,75,0.82,16,68.4,28,134.3
600,150,70,30,0.2,0.55,4,120,0.65,20,30.8,28,111.894
600,150,70,30,0.2,0.55,4,120,0.65,20,30.8,28,125.289
600,150,70,30,0.2,0.55,4,120,0.65,20,30.8,28,125.751
600,150,70,30,0.2,0.55,4,120,0.65,20,30.8,28,154.157
600,150,70,30,0.2,0.55,4,120,0.65,20,46.7,28,146.767
600,150,70,30,0.2,0.55,4,120,0.65,20,46.7,28,147.344
600,150,70,30,0.2,0.55,4,120,0.65,20,46.7,28,165.82
600,150,70,30,0.2,0.55,4,120,0.65,20,46.7,28,167.263
400,100,100,50,0.5,0.46,4,50,0.38,12,64.1,28,92
400,100,100,50,0.5,0.46,4,50,0.38,12,69.5,28,126
400,100,100,50,0.5,0.46,4,50,0.38,12,83.5,28,175
400,100,100,50,0.5,0.46,4,50,0.38,12,78.9,28,151
400,100,100,5,0.05,0.46,4,95,0.38,12,64.1,28,103
400,100,100,5,0.05,0.46,4,95,0.38,12,69.5,28,132
400,100,100,5,0.05,0.46,4,95,0.38,12,83.5,28,181
400,100,100,5,0.05,0.46,4,95,0.38,12,78.9,28,164
800,100,100,50,0.5,0.26,8,50,0.45,9.5,38.2,28,107.3
800,100,100,50,0.5,0.26,8,50,0.45,12.7,44.9,28,118.7
1130,200,100,100,0.5,0.26,5.7,100,0.45,19,48,28,144.2
800,100,100,50,0.5,0.34,8,50,0.45,9.5,75.9,28,114.2
800,100,100,50,0.5,0.34,8,50,0.45,12.7,76.9,28,128
1130,200,100,100,0.5,0.34,5.7,100,0.45,19,80,28,152.2
800,100,100,50,0.5,0.31,8,50,0.3,12.7,55.3,28,109.7
800,100,100,50,0.5,0.31,8,50,0.87,12.7,54.2,28,119.4
800,100,100,50,0.5,0.31,8,50,0.5,12.7,57.8,28,125.6
800,100,100,50,0.5,0.31,8,50,0.6,12.7,58.5,28,128.9
800,100,100,50,0.5,0.26,8,50,0.45,9.5,38.2,28,117.3
800,100,100,50,0.5,0.26,8,50,0.45,9.5,38.2,28,110
800,100,100,50,0.5,0.26,8,50,0.45,9.5,38.2,28,94.6
800,100,100,50,0.5,0.26,8,50,0.45,12.7,44.9,28,119.2
800,100,100,50,0.5,0.26,8,50,0.45,12.7,44.9,28,121.9
800,100,100,50,0.5,0.26,8,50,0.45,12.7,44.9,28,115.1
1130,200,100,100,0.5,0.26,5.7,100,0.45,19,48,28,135.8
1130,200,100,100,0.5,0.26,5.7,100,0.45,19,48,28,140.7
1130,200,100,100,0.5,0.26,5.7,100,0.45,19,48,28,156.3
800,100,100,50,0.5,0.34,8,50,0.45,9.5,75.9,28,106
800,100,100,50,0.5,0.34,8,50,0.45,9.5,75.9,28,116
800,100,100,50,0.5,0.34,8,50,0.45,9.5,75.9,28,120.8
1130,200,100,100,0.5,0.34,5.7,100,0.45,19,80,28,166.8
1130,200,100,100,0.5,0.34,5.7,100,0.45,19,80,28,136.5
1130,200,100,100,0.5,0.34,5.7,100,0.45,19,80,28,153.5
800,100,100,50,0.5,0.31,8,50,0.3,12.7,55.3,28,109
800,100,100,50,0.5,0.31,8,50,0.3,12.7,55.3,28,111.1
800,100,100,50,0.5,0.31,8,50,0.87,12.7,54.2,28,124.4
800,100,100,50,0.5,0.31,8,50,0.87,12.7,54.2,28,125.2
800,100,100,50,0.5,0.31,8,50,0.87,12.7,54.2,28,108.7
800,100,100,50,0.5,0.31,8,50,0.5,12.7,57.8,28,118.2
800,100,100,50,0.5,0.31,8,50,0.5,12.7,57.8,28,121.4
800,100,100,50,0.5,0.31,8,50,0.5,12.7,57.8,28,137.3
800,100,100,50,0.5,0.31,8,50,0.6,12.7,58.5,28,120.7
800,100,100,50,0.5,0.31,8,50,0.6,12.7,58.5,28,137.4
800,100,100,50,0.5,0.31,8,50,0.6,12.7,58.5,28,128.8
400,100,40,20,0.2,0.58,4,80,0.63,20,32.8,28,127.9
400,100,40,30,0.3,0.58,4,70,0.63,20,32.8,28,117.1
400,100,40,40,0.4,0.58,4,60,0.63,20,32.8,28,109.9
400,100,40,20,0.2,0.48,4,80,0.65,20,48.9,28,130.6
400,100,40,30,0.3,0.48,4,70,0.65,20,48.9,28,124.5
400,100,40,40,0.4,0.48,4,60,0.65,20,48.9,28,111.8
400,100,40,20,0.2,0.31,4,80,0.66,20,69.9,28,122.4
400,100,40,30,0.3,0.31,4,70,0.66,20,69.9,28,114.9
400,100,40,40,0.4,0.31,4,60,0.66,20,69.9,28,135.8
400,100,40,20,0.2,0.24,4,80,0.7,20,84.1,28,141
400,100,40,30,0.3,0.24,4,70,0.7,20,84.1,28,120.5
400,100,40,40,0.4,0.24,4,60,0.7,20,84.1,28,110.8
400,100,40,20,0.2,0.23,4,80,0.7,16,115.8,28,138
400,100,40,30,0.3,0.23,4,70,0.7,16,115.8,28,115.4
400,100,40,40,0.4,0.23,4,60,0.7,16,115.8,28,125
1000,250,80,83,0.33,0.42,4,167,0.61,19,58.3,119,193
1000,250,80,83,0.33,0.42,4,167,0.61,19,58.3,119,139
1000,250,80,83,0.33,0.42,4,167,0.61,19,58.3,119,169
600,150,80,50,0.33,0.42,4,100,0.61,19,58.3,119,170
600,150,80,50,0.33,0.42,4,100,0.61,19,58.3,119,159
250,63,80,21,0.33,0.42,4,42,0.61,19,58.3,119,106
250,63,80,21,0.33,0.42,4,42,0.61,19,58.3,119,123
250,63,80,21,0.33,0.42,4,42,0.61,19,58.3,119,124
250,63,80,21,0.33,0.42,4,42,0.61,19,58.3,119,123
300,150,100,60,0.4,0.47,2,90,0.67,10,49.89,120,163.637
375,150,100,60,0.4,0.47,2.5,90,0.67,10,49.89,120,166.403
450,150,100,60,0.4,0.47,3,90,0.67,10,49.89,120,152.725
600,150,100,60,0.4,0.47,4,90,0.67,10,49.89,120,164.79
750,150,100,60,0.4,0.47,5,90,0.67,10,49.89,120,165.64
900,150,100,60,0.4,0.47,6,90,0.67,10,49.89,120,172.51
300,150,100,60,0.4,0.47,2,90,0.67,10,49.89,120,163.03
300,150,100,60,0.4,0.47,2,90,0.67,10,49.89,120,164.243
375,150,100,60,0.4,0.47,2.5,90,0.67,10,49.89,120,156.961
375,150,100,60,0.4,0.47,2.5,90,0.67,10,49.89,120,174.905
375,150,100,60,0.4,0.47,2.5,90,0.67,10,49.89,120,167.342
450,150,100,60,0.4,0.47,3,90,0.67,10,49.89,120,146.68
450,150,100,60,0.4,0.47,3,90,0.67,10,49.89,120,168.341
450,150,100,60,0.4,0.47,3,90,0.67,10,49.89,120,126.571
450,150,100,60,0.4,0.47,3,90,0.67,10,49.89,120,169.306
600,150,100,60,0.4,0.47,4,90,0.67,10,49.89,120,157.814
600,150,100,60,0.4,0.47,4,90,0.67,10,49.89,120,158.932
600,150,100,60,0.4,0.47,4,90,0.67,10,49.89,120,178.119
600,150,100,60,0.4,0.47,4,90,0.67,10,49.89,120,164.295
750,150,100,60,0.4,0.47,5,90,0.67,10,49.89,120,133.825
750,150,100,60,0.4,0.47,5,90,0.67,10,49.89,120,167.585
750,150,100,60,0.4,0.47,5,90,0.67,10,49.89,120,186.925
750,150,100,60,0.4,0.47,5,90,0.67,10,49.89,120,174.222
900,150,100,60,0.4,0.47,6,90,0.67,10,49.89,120,178.022
900,150,100,60,0.4,0.47,6,90,0.67,10,49.89,120,167.627
900,150,100,60,0.4,0.47,6,90,0.67,10,49.89,120,168.428
900,150,100,60,0.4,0.47,6,90,0.67,10,49.89,120,175.96
480,120,60,36,0.3,0.68,4,84,0.62,10,28.5,50,90.69
480,120,60,36,0.3,0.68,4,84,0.62,10,29.9,50,99.6
480,120,60,36,0.3,0.68,4,84,0.62,10,28.4,50,99.97
480,120,60,36,0.3,0.68,4,84,0.62,10,30.09,50,129.41
480,120,60,36,0.3,0.68,4,84,0.62,10,29.42,50,114.14
480,120,60,36,0.3,0.68,4,84,0.62,10,30.99,50,109.16
480,120,60,36,0.3,0.68,4,84,0.62,10,31.47,50,126.89
480,120,60,36,0.3,0.68,4,84,0.62,10,31.76,50,135.88
480,120,60,36,0.3,0.68,4,84,0.62,10,30.03,50,142.57
480,120,60,36,0.3,0.68,4,84,0.62,10,32.35,50,154.28
480,120,60,36,0.3,0.68,4,84,0.62,10,32.76,50,134
480,120,60,36,0.3,0.68,4,84,0.62,10,31.43,50,158.17
480,120,60,36,0.3,0.68,4,84,0.62,10,32.45,50,188.51
480,120,60,36,0.3,0.68,4,84,0.62,10,32.71,50,166.47
480,120,60,36,0.3,0.68,4,84,0.62,10,33.58,50,147.17
480,120,60,36,0.3,0.68,4,84,0.62,10,28.9,50,96.75
480,120,60,36,0.3,0.68,4,84,0.62,10,30.2,50,117.55
480,120,60,36,0.3,0.68,4,84,0.62,10,31.08,50,135.11
480,120,60,36,0.3,0.68,4,84,0.62,10,32.18,50,148.82
480,120,60,36,0.3,0.68,4,84,0.62,10,32.91,50,167.72
1200,300,120,120,0.4,0.5,4,180,0.56,10,43.8,360,273.373
1600,400,120,160,0.4,0.5,4,240,0.56,10,43.8,360,336.877
600,150,120,60,0.4,0.5,4,90,0.58,20,43.4,360,260.133
800,200,120,80,0.4,0.5,4,120,0.58,20,43.4,360,275.083
1200,300,120,120,0.4,0.5,4,180,0.58,20,43.4,360,288.16
1600,400,120,160,0.4,0.5,4,240,0.58,20,43.4,360,368.771
2000,500,120,200,0.4,0.5,4,300,0.58,20,43.4,360,308.97
1200,300,120,120,0.4,0.45,4,180,0.59,20,50.9,360,231.055
1200,300,120,120,0.4,0.35,4,180,0.61,20,56.4,360,280.957
1200,300,120,120,0.4,0.3,4,180,0.62,20,50.2,360,235.156
1200,300,120,120,0.4,0.5,4,180,0.63,40,50.8,360,270.611
1600,400,240,160,0.4,0.45,4,240,0.71,80,40,360,434.551
1800,450,240,180,0.4,0.45,4,270,0.71,80,40,360,407.641
2000,500,240,200,0.4,0.45,4,300,0.71,80,40,360,432.558
2200,550,240,220,0.4,0.45,4,330,0.71,80,40,360,434.551
1000,250,120,100,0.4,0.45,4,150,0.71,40,40,360,251.163
1200,300,120,120,0.4,0.45,4,180,0.71,40,40,360,311.719
1600,400,120,160,0.4,0.45,4,240,0.71,40,40,360,335.503
400,100,100,30,0.3,0.74,4,70,0.54,9.5,22.2,28,101.09
400,100,100,30,0.3,0.6,4,70,0.58,9.5,30.3,28,114.35
400,100,100,30,0.3,0.49,4,70,0.6,9.5,41.2,28,139.32
400,100,100,30,0.3,0.4,4,70,0.65,9.5,46.3,28,173.55
400,100,100,30,0.3,0.74,4,70,0.56,16,26.6,28,112.29
400,100,100,30,0.3,0.6,4,70,0.6,16,35,28,129.32
400,100,100,30,0.3,0.49,4,70,0.62,16,42.7,28,158.64
400,100,100,30,0.3,0.4,4,70,0.67,16,47.3,28,180.01
400,100,100,30,0.3,0.74,4,70,0.6,25,24.8,28,121.55
400,100,100,30,0.3,0.6,4,70,0.64,25,31.2,28,143.66
400,100,100,30,0.3,0.49,4,70,0.65,25,40.9,28,170.81
400,100,100,30,0.3,0.4,4,70,0.66,25,47,28,203.16
400,100,100,50,0.5,0.33,4,50,0.56,4.75,40,28,76.6
400,100,100,50,0.5,0.33,4,50,0.56,6.3,57.8,28,97.8
400,100,100,50,0.5,0.33,4,50,0.56,12.5,58.7,28,103
400,100,100,50,0.5,0.33,4,50,0.56,20,61,28,142
400,100,100,50,0.5,0.33,4,50,0.56,4.75,55,28,122
400,100,100,50,0.5,0.33,4,50,0.56,6.3,63,28,137
400,100,100,50,0.5,0.33,4,50,0.56,12.5,75,28,151
400,100,100,50,0.5,0.33,4,50,0.56,20,74,28,165
600,150,150,60,0.4,0.73,4,90,0.59,20,33.8,90,261.6
600,150,150,60,0.4,0.73,4,90,0.61,20,41,90,276.4
600,150,150,60,0.4,0.73,4,90,0.64,20,43.3,90,246.3
600,150,150,60,0.4,0.73,4,90,0.65,20,51.7,90,283.6
600,150,150,60,0.4,0.73,4,90,0.67,20,53.4,90,314.1
600,150,150,60,0.4,0.73,4,90,0.59,20,25.1,90,249.4
600,150,150,60,0.4,0.73,4,90,0.62,20,37.4,90,265.7
600,150,150,60,0.4,0.73,4,90,0.63,20,44.8,90,247.7
600,150,150,60,0.4,0.73,4,90,0.65,20,45.7,90,194.4
600,150,150,60,0.4,0.73,4,90,0.67,20,57.3,90,237.7
600,150,150,60,0.4,0.73,4,90,0.59,20,33.8,90,213.6
600,150,150,60,0.4,0.73,4,90,0.59,20,33.8,90,249.3
600,150,150,60,0.4,0.73,4,90,0.59,20,33.8,90,321.9
600,150,150,60,0.4,0.73,4,90,0.61,20,41,90,233.1
600,150,150,60,0.4,0.73,4,90,0.61,20,41,90,243.2
600,150,150,60,0.4,0.73,4,90,0.61,20,41,90,340.7
600,150,150,60,0.4,0.73,4,90,0.61,20,41,90,288.4
600,150,150,60,0.4,0.73,4,90,0.64,20,43.3,90,220.3
600,150,150,60,0.4,0.73,4,90,0.64,20,43.3,90,267.3
600,150,150,60,0.4,0.73,4,90,0.64,20,43.3,90,274.5
600,150,150,60,0.4,0.73,4,90,0.64,20,43.3,90,223.2
600,150,150,60,0.4,0.73,4,90,0.65,20,51.7,90,252.2
600,150,150,60,0.4,0.73,4,90,0.65,20,51.7,90,290
600,150,150,60,0.4,0.73,4,90,0.65,20,51.7,90,284.2
600,150,150,60,0.4,0.73,4,90,0.65,20,51.7,90,308
600,150,150,60,0.4,0.73,4,90,0.67,20,53.4,90,298.4
600,150,150,60,0.4,0.73,4,90,0.67,20,53.4,90,328.1
600,150,150,60,0.4,0.73,4,90,0.67,20,53.4,90,304.6
600,150,150,60,0.4,0.73,4,90,0.67,20,53.4,90,325.1
600,150,150,60,0.4,0.73,4,90,0.59,20,25.1,90,221.4
600,150,150,60,0.4,0.73,4,90,0.59,20,25.1,90,262.1
600,150,150,60,0.4,0.73,4,90,0.59,20,25.1,90,249.3
600,150,150,60,0.4,0.73,4,90,0.59,20,25.1,90,264.7
600,150,150,60,0.4,0.73,4,90,0.62,20,37.4,90,278.5
600,150,150,60,0.4,0.73,4,90,0.62,20,37.4,90,228.8
600,150,150,60,0.4,0.73,4,90,0.62,20,37.4,90,299.9
600,150,150,60,0.4,0.73,4,90,0.62,20,37.4,90,255.6
600,150,150,60,0.4,0.73,4,90,0.63,20,44.8,90,220.3
600,150,150,60,0.4,0.73,4,90,0.63,20,44.8,90,231.7
600,150,150,60,0.4,0.73,4,90,0.63,20,44.8,90,247.7
600,150,150,60,0.4,0.73,4,90,0.63,20,44.8,90,290.9
600,150,150,60,0.4,0.73,4,90,0.65,20,45.7,90,212.2
600,150,150,60,0.4,0.73,4,90,0.65,20,45.7,90,231.7
600,150,150,60,0.4,0.73,4,90,0.65,20,45.7,90,139.6
600,150,150,60,0.4,0.73,4,90,0.65,20,45.7,90,194.3
600,150,150,60,0.4,0.73,4,90,0.67,20,57.3,90,245.5
600,150,150,60,0.4,0.73,4,90,0.67,20,57.3,90,267
600,150,150,60,0.4,0.73,4,90,0.67,20,57.3,90,198.4
600,150,150,60,0.4,0.73,4,90,0.67,20,57.3,90,239.8
800,200,100,60,0.3,0.55,4,140,0.64,31.5,40.5,180,513.33
800,200,100,80,0.4,0.55,4,120,0.64,31.5,40.5,180,584.7
800,200,100,100,0.5,0.55,4,100,0.64,31.5,40.5,180,323.49
800,200,100,60,0.3,0.47,4,140,0.68,31.5,43.04,180,518.68
800,200,100,60,0.3,0.47,4,140,0.64,31.5,53.58,180,506.69
800,200,100,60,0.3,0.55,4,140,0.64,31.5,40.5,180,507
800,200,100,60,0.3,0.55,4,140,0.64,31.5,40.5,180,565.28
800,200,100,60,0.3,0.55,4,140,0.64,31.5,40.5,180,467.72
800,200,100,100,0.5,0.55,4,100,0.64,31.5,40.5,180,311.45
800,200,100,100,0.5,0.55,4,100,0.64,31.5,40.5,180,335.53
800,200,100,60,0.3,0.47,4,140,0.68,31.5,43.04,180,539.14
800,200,100,60,0.3,0.47,4,140,0.68,31.5,43.04,180,498.21
800,200,100,60,0.3,0.47,4,140,0.64,31.5,53.58,180,544.64
800,200,100,60,0.3,0.47,4,140,0.64,31.5,53.58,180,468.73
400,100,100,40,0.4,0.68,4,60,0.6,20,33.34,28,117.18
400,100,100,40,0.4,0.68,4,60,0.6,20,33.11,28,124.26
400,100,100,40,0.4,0.68,4,60,0.6,20,42.42,90,130.48
400,100,100,40,0.4,0.68,4,60,0.6,20,40.05,90,126.13
400,100,100,40,0.4,0.68,4,60,0.6,20,45.18,90,131.55
400,100,100,40,0.4,0.68,4,60,0.6,20,40.48,90,133.58
400,100,100,40,0.4,0.68,4,60,0.6,20,36.24,90,122.54
400,100,100,40,0.4,0.68,4,60,0.6,20,32.19,90,132.83
400,100,100,40,0.4,0.52,4,60,0.62,5,32.3,90,147.43
400,100,100,40,0.4,0.52,4,60,0.62,10,42.9,90,152.8
400,100,100,40,0.4,0.52,4,60,0.62,20,53.64,90,171.71
400,100,100,40,0.4,0.52,4,60,0.62,25,37.7,90,177.86
400,100,100,40,0.4,0.52,4,60,0.62,20,49.45,90,178.58
400,100,100,40,0.4,0.42,4,60,0.65,20,42.03,14,118.18
400,100,100,40,0.4,0.42,4,60,0.65,20,47.37,30,170.98
400,100,100,40,0.4,0.42,4,60,0.65,20,49.02,60,177.57
400,100,100,40,0.4,0.42,4,60,0.65,20,60.46,90,186.64
400,100,100,40,0.4,0.42,4,60,0.65,20,62.24,120,194.45
400,100,100,40,0.4,0.42,4,60,0.65,20,33.01,14,124.77
400,100,100,40,0.4,0.42,4,60,0.65,20,39.27,30,175.94
400,100,100,40,0.4,0.42,4,60,0.65,20,45.43,60,185.19
400,100,100,40,0.4,0.42,4,60,0.65,20,57.79,90,188.68
400,100,100,40,0.4,0.42,4,60,0.65,20,62.05,120,196.33
400,100,100,40,0.4,0.59,4,60,0.61,20,50.18,90,152.38
400,100,100,40,0.4,0.47,4,60,0.63,20,59.06,90,178.17
400,100,100,40,0.4,0.59,4,60,0.61,20,46.85,90,167.98
400,100,100,40,0.4,0.47,4,60,0.63,20,84.43,90,186.93
800,100,100,50,0.5,0.5,8,50,0.52,13,30.78,28,71.980811
800,100,100,50,0.5,0.5,8,50,0.52,13,37.86,28,87.9656505
800,100,100,50,0.5,0.5,8,50,0.52,13,40.63,28,94.2419065
800,100,100,50,0.5,0.4,8,50,0.56,13,38.75,28,88.848249
800,100,100,50,0.5,0.4,8,50,0.56,13,47.24,28,105.323421
800,100,100,50,0.5,0.4,8,50,0.56,13,50.38,28,110.7170785
800,100,100,50,0.5,0.5,8,50,0.51,13,35.71,28,83.4545915
800,100,100,50,0.5,0.5,8,50,0.51,13,39.67,28,91.1037785
800,100,100,50,0.5,0.5,8,50,0.51,13,41.74,28,96.0071035
800,100,100,50,0.5,0.4,8,50,0.5,13,46.13,28,102.2833595
800,100,100,50,0.5,0.4,8,50,0.5,13,49.82,28,111.8938765
800,100,100,50,0.5,0.4,8,50,0.5,13,50.74,28,113.953273
800,100,100,50,0.5,0.3,8,50,0.55,12.5,27.3,28,99.7
800,100,100,50,0.5,0.3,8,50,0.55,12.5,39,28,109.1
800,100,100,50,0.5,0.3,8,50,0.55,12.5,60,28,124.9
800,100,100,50,0.5,0.3,8,50,0.55,12.5,75.5,28,126.5
800,100,100,50,0.5,0.4,8,50,0.55,12.5,17.2,28,72.5
800,100,100,50,0.5,0.4,8,50,0.55,12.5,22.3,28,86.6
800,100,100,50,0.5,0.4,8,50,0.55,12.5,35.5,28,107.3
800,100,100,50,0.5,0.4,8,50,0.55,12.5,48.2,28,123.4
800,100,100,50,0.5,0.3,8,50,0.55,12.5,27.3,28,91.2
800,100,100,50,0.5,0.3,8,50,0.55,12.5,39,28,105.5
800,100,100,50,0.5,0.3,8,50,0.55,12.5,60,28,121.5
800,100,100,50,0.5,0.3,8,50,0.55,12.5,75.5,28,123.9
800,100,100,50,0.5,0.4,8,50,0.55,12.5,17.2,28,81.2
800,100,100,50,0.5,0.4,8,50,0.55,12.5,22.3,28,90.8
800,100,100,50,0.5,0.4,8,50,0.55,12.5,35.5,28,106.7
800,100,100,50,0.5,0.4,8,50,0.55,12.5,48.2,28,120.1
800,100,100,50,0.5,0.3,8,50,0.55,12.5,27.3,28,104.8
800,100,100,50,0.5,0.3,8,50,0.55,12.5,39,28,118.9
800,100,100,50,0.5,0.3,8,50,0.55,12.5,60,28,134
800,100,100,50,0.5,0.3,8,50,0.55,12.5,75.5,28,125.6
800,100,100,50,0.5,0.4,8,50,0.55,12.5,17.2,28,66.3
800,100,100,50,0.5,0.4,8,50,0.55,12.5,22.3,28,86.7
800,100,100,50,0.5,0.4,8,50,0.55,12.5,35.5,28,116.7
800,100,100,50,0.5,0.4,8,50,0.55,12.5,48.2,28,128.4
800,100,100,50,0.5,0.3,8,50,0.55,12.5,27.3,28,103.3
800,100,100,50,0.5,0.3,8,50,0.55,12.5,39,28,102.9
800,100,100,50,0.5,0.3,8,50,0.55,12.5,60,28,119.3
800,100,100,50,0.5,0.3,8,50,0.55,12.5,75.5,28,130.1
800,100,100,50,0.5,0.4,8,50,0.55,12.5,17.2,28,70.1
800,100,100,50,0.5,0.4,8,50,0.55,12.5,22.3,28,82.4
800,100,100,50,0.5,0.4,8,50,0.55,12.5,35.5,28,98.5
800,100,100,50,0.5,0.4,8,50,0.55,12.5,48.2,28,121.9
400,100,100,10,0.1,0.63,4,90,0.55,20,35.4,28,96.2
400,100,100,10,0.1,0.63,4,90,0.52,20,37,28,85.9
400,100,100,10,0.1,0.63,4,90,0.49,20,37.8,28,73.4
400,100,100,10,0.1,0.47,4,90,0.58,20,60.5,28,108.6
400,100,100,10,0.1,0.47,4,90,0.54,20,62.9,28,91.9
400,100,100,10,0.1,0.47,4,90,0.51,20,65.2,28,83.9
400,100,100,10,0.1,0.35,4,90,0.58,20,79.8,28,105.5
400,100,100,10,0.1,0.35,4,90,0.54,20,81.6,28,100.1
400,100,100,10,0.1,0.35,4,90,0.51,20,83.2,28,97.6
400,100,100,60,0.6,0.63,4,40,0.55,20,35.4,28,53.5
400,100,100,60,0.6,0.63,4,40,0.52,20,37,28,53
400,100,100,60,0.6,0.63,4,40,0.49,20,37.8,28,52.3
400,100,100,60,0.6,0.47,4,40,0.58,20,60.5,28,65.8
400,100,100,60,0.6,0.47,4,40,0.54,20,62.9,28,56.5
400,100,100,60,0.6,0.47,4,40,0.51,20,65.2,28,51.9
400,100,100,60,0.6,0.35,4,40,0.58,20,79.8,28,58.5
400,100,100,60,0.6,0.35,4,40,0.54,20,81.6,28,57
400,100,100,60,0.6,0.35,4,40,0.51,20,83.2,28,57.7
800,100,100,50,0.5,0.24,8,50,0.23,12.5,37.71,28,81.35
800,100,100,50,0.5,0.29,8,50,0.23,12.5,24.78,28,46.41
800,100,100,50,0.5,0.32,8,50,0.23,12.5,22.38,28,36.63
800,100,100,50,0.5,0.24,8,50,0.23,12.5,44.38,28,87.77
800,100,100,50,0.5,0.29,8,50,0.23,12.5,27.97,28,54.84
800,100,100,50,0.5,0.32,8,50,0.23,12.5,25.12,28,42.55
1200,300,120,120,0.4,0.5,4,180,0.56,10,43.8,28,267.58
1200,300,120,120,0.4,0.5,4,180,0.58,20,43.3,28,291.63
1200,300,120,120,0.4,0.45,4,180,0.59,20,53.7,28,311.79
1200,300,120,120,0.4,0.35,4,180,0.61,20,56.4,28,332.24
1200,300,120,120,0.4,0.5,4,180,0.63,40,51.2,28,268.47
1200,300,120,120,0.4,0.5,4,180,0.58,20,43.3,28,291.74
1200,300,120,120,0.4,0.45,4,180,0.59,20,53.7,28,311.86
1200,300,120,120,0.4,0.35,4,180,0.61,20,56.4,28,330.84
1200,300,120,120,0.4,0.3,4,180,0.62,20,50.2,28,283.74
1600,400,160,120,0.3,0.5,4,280,0.56,10,43.8,28,306.72
1600,400,160,120,0.3,0.5,4,280,0.58,20,43.3,28,366.85
1600,400,160,120,0.3,0.5,4,280,0.7,80,56.2,28,339.32
1600,400,160,120,0.3,0.5,4,280,0.63,40,47.1,28,327.51
400,100,120,40,0.4,0.5,4,60,0.56,10,43.3,28,181.02
600,150,120,60,0.4,0.5,4,90,0.56,10,43.3,28,239.68
800,200,120,80,0.4,0.5,4,120,0.56,10,43.3,28,246.29
1200,300,120,120,0.4,0.5,4,180,0.56,10,43.3,28,291.74
1600,400,120,160,0.4,0.5,4,240,0.58,20,43.3,28,366.85
200,500,120,200,0.4,0.5,0.4,300,0.56,10,43.3,28,279.08
1600,400,240,160,0.4,0.5,4,240,0.7,80,56.2,28,339.32
1800,450,240,180,0.4,0.5,4,270,0.7,80,56.2,28,432.14
2000,500,240,200,0.4,0.5,4,300,0.7,80,56.2,28,467.56
2200,550,240,220,0.4,0.5,4,330,0.7,80,56.2,28,442.59
800,200,120,80,0.4,0.5,4,120,0.63,40,47.1,28,331.44
1000,250,120,100,0.4,0.5,4,150,0.63,40,47.1,28,198.64
1200,300,120,120,0.4,0.5,4,180,0.63,40,47.1,28,321.79
1600,400,120,160,0.4,0.5,4,240,0.63,40,47.1,28,327.51
200,50,50,25,0.5,0.3,4,25,0.6,15,72.5,28,97.9
200,50,50,25,0.5,0.25,4,25,0.6,15,112,28,98.8
400,100,100,50,0.5,0.3,4,50,0.6,15,72.5,28,123.4
400,100,100,50,0.5,0.25,4,50,0.6,15,112,28,139.8
600,150,150,75,0.5,0.3,4,75,0.6,15,72.5,28,85.5
600,150,150,75,0.5,0.25,4,75,0.6,15,112,28,99.9
800,200,200,100,0.5,0.3,4,100,0.6,15,72.5,28,131.5
800,200,200,100,0.5,0.25,4,100,0.6,15,112,28,140.3
800,200,100,40,0.2,0.3,4,160,0.6,15,75.6,28,160.983
800,200,100,60,0.3,0.3,4,140,0.6,15,75.6,28,135.47
800,200,100,100,0.5,0.3,4,100,0.6,15,75.6,28,115.195
800,200,100,120,0.6,0.3,4,80,0.6,15,75.6,28,143.77
400,100,40,30,0.3,0.6,4,70,0.7,10,37.6,28,157.32
400,100,80,30,0.3,0.6,4,70,0.7,10,37.6,28,144.28
400,100,100,30,0.3,0.6,4,70,0.7,10,37.6,28,117.08
400,100,120,30,0.3,0.6,4,70,0.7,10,37.6,28,139.86
400,100,160,30,0.3,0.6,4,70,0.7,10,37.6,28,144.21
400,100,40,30,0.3,0.6,4,70,0.7,10,37.6,28,163.8
400,100,40,30,0.3,0.6,4,70,0.7,10,37.6,28,142.18
400,100,40,30,0.3,0.6,4,70,0.7,10,37.6,28,165.97
400,100,80,30,0.3,0.6,4,70,0.7,10,37.6,28,128.76
400,100,80,30,0.3,0.6,4,70,0.7,10,37.6,28,156.44
400,100,80,30,0.3,0.6,4,70,0.7,10,37.6,28,147.62
400,100,100,30,0.3,0.6,4,70,0.7,10,37.6,28,117.21
400,100,100,30,0.3,0.6,4,70,0.7,10,37.6,28,113.21
400,100,100,30,0.3,0.6,4,70,0.7,10,37.6,28,120.83
400,100,120,30,0.3,0.6,4,70,0.7,10,37.6,28,136.03
400,100,120,30,0.3,0.6,4,70,0.7,10,37.6,28,143.7
400,100,120,30,0.3,0.6,4,70,0.7,10,37.6,28,139.87
400,100,160,30,0.3,0.6,4,70,0.7,10,37.6,28,143.01
400,100,160,30,0.3,0.6,4,70,0.7,10,37.6,28,145.4
200,50,50,15,0.3,0.72,4,35,0.45,10,32.5,28,38.97
400,100,50,30,0.3,0.72,4,70,0.45,10,32.5,28,86.62
600,150,50,45,0.3,0.72,4,105,0.45,10,32.5,28,80.32
800,200,50,60,0.3,0.72,4,140,0.45,10,32.5,28,84.95
1000,250,50,75,0.3,0.72,4,175,0.45,10,32.5,28,96.98
200,50,50,15,0.3,0.72,4,35,0.45,10,32.5,28,42.74
200,50,50,15,0.3,0.72,4,35,0.45,10,32.5,28,35.35
200,50,50,15,0.3,0.72,4,35,0.45,10,32.5,28,38.82
400,100,50,30,0.3,0.72,4,70,0.45,10,32.5,28,74.72
400,100,50,30,0.3,0.72,4,70,0.45,10,32.5,28,82.78
400,100,50,30,0.3,0.72,4,70,0.45,10,32.5,28,91.02
400,100,50,30,0.3,0.72,4,70,0.45,10,32.5,28,97.96
600,150,50,45,0.3,0.72,4,105,0.45,10,32.5,28,74.32
600,150,50,45,0.3,0.72,4,105,0.45,10,32.5,28,77.65
600,150,50,45,0.3,0.72,4,105,0.45,10,32.5,28,88.98
800,200,50,60,0.3,0.72,4,140,0.45,10,32.5,28,91.2
800,200,50,60,0.3,0.72,4,140,0.45,10,32.5,28,95.44
800,200,50,60,0.3,0.72,4,140,0.45,10,32.5,28,72.68
800,200,50,60,0.3,0.72,4,140,0.45,10,32.5,28,80.47
1000,250,50,75,0.3,0.72,4,175,0.45,10,32.5,28,109.93
1000,250,50,75,0.3,0.72,4,175,0.45,10,32.5,28,84.03
600,150,75,45,0.3,0.4,4,105,0.62,20,52.58,28,195.22
600,150,75,45,0.3,0.4,4,105,0.62,20,51.26,28,159.63
600,150,75,45,0.3,0.4,4,105,0.62,20,51.82,28,130.94
600,150,75,45,0.3,0.4,4,105,0.62,20,48.84,28,151.82
600,150,75,45,0.3,0.4,4,105,0.62,20,42.6,28,113.43
600,150,75,45,0.3,0.37,4,105,0.62,20,50.91,28,128.08
600,150,75,45,0.3,0.35,4,105,0.62,20,54.63,28,172.37
600,150,75,45,0.3,0.39,4,105,0.62,20,47.67,28,117.31
600,150,75,45,0.3,0.37,4,105,0.62,20,43.98,28,114.49
600,150,75,45,0.3,0.36,4,105,0.62,20,45.71,28,129.61
600,150,75,45,0.3,0.35,4,105,0.62,20,46.79,28,125.32
600,150,75,45,0.3,0.34,4,105,0.62,20,44.88,28,116.89
600,150,75,45,0.3,0.39,4,105,0.62,20,40.78,28,111.9
600,150,75,45,0.3,0.4,4,105,0.62,20,52.58,28,240.1
600,150,75,45,0.3,0.4,4,105,0.62,20,52.58,28,220.91
600,150,75,45,0.3,0.4,4,105,0.62,20,52.58,28,164.76
600,150,75,45,0.3,0.4,4,105,0.62,20,52.58,28,155.12
600,150,75,45,0.3,0.4,4,105,0.62,20,51.26,28,158.38
600,150,75,45,0.3,0.4,4,105,0.62,20,51.26,28,140.52
600,150,75,45,0.3,0.4,4,105,0.62,20,51.26,28,108.3
600,150,75,45,0.3,0.4,4,105,0.62,20,51.26,28,176.09
600,150,75,45,0.3,0.4,4,105,0.62,20,51.26,28,214.85
600,150,75,45,0.3,0.4,4,105,0.62,20,51.82,28,100.53
600,150,75,45,0.3,0.4,4,105,0.62,20,51.82,28,147.11
600,150,75,45,0.3,0.4,4,105,0.62,20,51.82,28,126.72
600,150,75,45,0.3,0.4,4,105,0.62,20,51.82,28,149.39
600,150,75,45,0.3,0.4,4,105,0.62,20,48.84,28,161.45
600,150,75,45,0.3,0.4,4,105,0.62,20,48.84,28,135.83
600,150,75,45,0.3,0.4,4,105,0.62,20,48.84,28,167.33
600,150,75,45,0.3,0.4,4,105,0.62,20,48.84,28,152.3
600,150,75,45,0.3,0.4,4,105,0.62,20,42.6,28,122.45
600,150,75,45,0.3,0.4,4,105,0.62,20,42.6,28,96.76
600,150,75,45,0.3,0.4,4,105,0.62,20,42.6,28,120.79
600,150,75,45,0.3,0.4,4,105,0.62,20,42.6,28,118.63
600,150,75,45,0.3,0.4,4,105,0.62,20,42.6,28,108.5
600,150,75,45,0.3,0.37,4,105,0.62,20,50.91,28,122.84
600,150,75,45,0.3,0.37,4,105,0.62,20,50.91,28,148.55
600,150,75,45,0.3,0.37,4,105,0.62,20,50.91,28,111.56
600,150,75,45,0.3,0.37,4,105,0.62,20,50.91,28,129.37
600,150,75,45,0.3,0.35,4,105,0.62,20,54.63,28,183.72
600,150,75,45,0.3,0.35,4,105,0.62,20,54.63,28,181.57
600,150,75,45,0.3,0.35,4,105,0.62,20,54.63,28,215.88
600,150,75,45,0.3,0.35,4,105,0.62,20,54.63,28,121.21
600,150,75,45,0.3,0.35,4,105,0.62,20,54.63,28,159.48
600,150,75,45,0.3,0.39,4,105,0.62,20,47.67,28,115.75
600,150,75,45,0.3,0.39,4,105,0.62,20,47.67,28,96.3
600,150,75,45,0.3,0.39,4,105,0.62,20,47.67,28,109.37
600,150,75,45,0.3,0.39,4,105,0.62,20,47.67,28,142.49
600,150,75,45,0.3,0.39,4,105,0.62,20,47.67,28,122.65
600,150,75,45,0.3,0.37,4,105,0.62,20,43.98,28,130.55
600,150,75,45,0.3,0.37,4,105,0.62,20,43.98,28,94.23
600,150,75,45,0.3,0.37,4,105,0.62,20,43.98,28,107.44
600,150,75,45,0.3,0.37,4,105,0.62,20,43.98,28,120.56
600,150,75,45,0.3,0.37,4,105,0.62,20,43.98,28,119.66
600,150,75,45,0.3,0.36,4,105,0.62,20,45.71,28,138.5
600,150,75,45,0.3,0.36,4,105,0.62,20,45.71,28,138.91
600,150,75,45,0.3,0.36,4,105,0.62,20,45.71,28,107.08
600,150,75,45,0.3,0.36,4,105,0.62,20,45.71,28,128.76
600,150,75,45,0.3,0.36,4,105,0.62,20,45.71,28,134.78
600,150,75,45,0.3,0.35,4,105,0.62,20,46.79,28,127.97
600,150,75,45,0.3,0.35,4,105,0.62,20,46.79,28,119.05
600,150,75,45,0.3,0.35,4,105,0.62,20,46.79,28,110.13
600,150,75,45,0.3,0.35,4,105,0.62,20,46.79,28,133.42
600,150,75,45,0.3,0.35,4,105,0.62,20,46.79,28,136.05
600,150,75,45,0.3,0.34,4,105,0.62,20,44.88,28,117.93
600,150,75,45,0.3,0.34,4,105,0.62,20,44.88,28,109.67
600,150,75,45,0.3,0.34,4,105,0.62,20,44.88,28,118.21
600,150,75,45,0.3,0.34,4,105,0.62,20,44.88,28,125.26
600,150,75,45,0.3,0.34,4,105,0.62,20,44.88,28,113.27
600,150,75,45,0.3,0.39,4,105,0.62,20,40.78,28,105.45
600,150,75,45,0.3,0.39,4,105,0.62,20,40.78,28,102.01
600,150,75,45,0.3,0.39,4,105,0.62,20,40.78,28,111.23
600,150,75,45,0.3,0.39,4,105,0.62,20,40.78,28,128.89
420,100,50,50,0.5,0.32,4.2,50,0.47,16,40.31,28,98.61
420,100,50,50,0.5,0.32,4.2,50,0.47,16,43.6,28,124.509
420,100,50,50,0.5,0.32,4.2,50,0.47,16,51.4,28,190.128
420,100,50,50,0.5,0.32,4.2,50,0.47,16,40.31,28,86.242
420,100,50,50,0.5,0.32,4.2,50,0.47,16,40.31,28,90.656
420,100,50,50,0.5,0.32,4.2,50,0.47,16,40.31,28,107.356
420,100,50,50,0.5,0.32,4.2,50,0.47,16,40.31,28,108.615
420,100,50,50,0.5,0.32,4.2,50,0.47,16,40.31,28,100.179
420,100,50,50,0.5,0.32,4.2,50,0.47,16,43.6,28,90.636
420,100,50,50,0.5,0.32,4.2,50,0.47,16,43.6,28,116.408
420,100,50,50,0.5,0.32,4.2,50,0.47,16,43.6,28,88.612
420,100,50,50,0.5,0.32,4.2,50,0.47,16,43.6,28,156.7
420,100,50,50,0.5,0.32,4.2,50,0.47,16,43.6,28,170.19
420,100,50,50,0.5,0.32,4.2,50,0.47,16,51.4,28,197.252
420,100,50,50,0.5,0.32,4.2,50,0.47,16,51.4,28,229.099
420,100,50,50,0.5,0.32,4.2,50,0.47,16,51.4,28,164.558
420,100,50,50,0.5,0.32,4.2,50,0.47,16,51.4,28,204.916
420,100,50,50,0.5,0.32,4.2,50,0.47,16,51.4,28,154.814
600,150,70,60,0.5,0.72,4,90,0.45,10,34.3,28,135.27
600,150,70,60,0.5,0.58,4,90,0.5,10,46.7,28,141.91
600,150,70,60,0.5,0.46,4,90,0.5,10,55,28,128.37
600,150,70,60,0.5,0.36,4,90,0.5,10,79.4,28,140.42
600,150,70,60,0.5,0.32,4,90,0.5,10,91,28,145.6
600,150,70,60,0.5,0.72,4,90,0.45,10,34.3,28,115.06
600,150,70,60,0.5,0.72,4,90,0.45,10,34.3,28,142.01
600,150,70,60,0.5,0.72,4,90,0.45,10,34.3,28,147.57
600,150,70,60,0.5,0.72,4,90,0.45,10,34.3,28,117.12
600,150,70,60,0.5,0.72,4,90,0.45,10,34.3,28,150.38
600,150,70,60,0.5,0.72,4,90,0.45,10,34.3,28,139.5
600,150,70,60,0.5,0.58,4,90,0.5,10,46.7,28,148.24
600,150,70,60,0.5,0.58,4,90,0.5,10,46.7,28,119.22
600,150,70,60,0.5,0.58,4,90,0.5,10,46.7,28,131.36
600,150,70,60,0.5,0.58,4,90,0.5,10,46.7,28,139.95
600,150,70,60,0.5,0.58,4,90,0.5,10,46.7,28,140.72
600,150,70,60,0.5,0.58,4,90,0.5,10,46.7,28,171.98
600,150,70,60,0.5,0.46,4,90,0.5,10,55,28,137.04
600,150,70,60,0.5,0.46,4,90,0.5,10,55,28,121.69
600,150,70,60,0.5,0.46,4,90,0.5,10,55,28,123.55
600,150,70,60,0.5,0.46,4,90,0.5,10,55,28,132.11
600,150,70,60,0.5,0.46,4,90,0.5,10,55,28,127.48
600,150,70,60,0.5,0.36,4,90,0.5,10,79.4,28,146.39
600,150,70,60,0.5,0.36,4,90,0.5,10,79.4,28,133.22
600,150,70,60,0.5,0.36,4,90,0.5,10,79.4,28,136.27
600,150,70,60,0.5,0.36,4,90,0.5,10,79.4,28,143.23
600,150,70,60,0.5,0.36,4,90,0.5,10,79.4,28,143.71
600,150,70,60,0.5,0.36,4,90,0.5,10,79.4,28,139.71
600,150,70,60,0.5,0.32,4,90,0.5,10,91,28,143.25
600,150,70,60,0.5,0.32,4,90,0.5,10,91,28,147.95
600,150,70,60,0.5,0.32,4,90,0.5,10,91,28,154.22
600,150,70,60,0.5,0.32,4,90,0.5,10,91,28,134.85
600,150,70,60,0.5,0.32,4,90,0.5,10,91,28,151.32
600,150,70,60,0.5,0.32,4,90,0.5,10,91,28,141.99
200,50,50,15,0.5,0.72,4,35,0.45,10,32.5,28,63.7
400,100,50,30,0.5,0.72,4,70,0.45,10,32.5,28,103.8
600,150,50,45,0.5,0.72,4,105,0.45,10,32.5,28,111.9
800,200,150,41,0.21,0.57,4,159,0.65,20,44.34,28,135.44
800,200,150,41,0.21,0.57,4,159,0.65,20,44.34,28,173.14
800,200,150,42.4,0.21,0.57,4,157.6,0.65,20,44.34,28,153.53
800,200,150,41.4,0.21,0.57,4,158.6,0.65,20,44.34,28,166.62
800,200,150,58.4,0.29,0.57,4,141.6,0.65,20,44.34,28,187.88
800,200,150,61.8,0.31,0.57,4,138.2,0.65,20,44.34,28,206.12
800,200,150,78.6,0.39,0.57,4,121.4,0.65,20,44.34,28,191.04
800,200,150,79.6,0.4,0.57,4,120.4,0.65,20,44.34,28,110.97
800,200,150,79,0.4,0.57,4,121,0.65,20,44.34,28,180.45
800,200,150,78.6,0.39,0.57,4,121.4,0.65,20,44.34,28,191.04
800,200,150,79.6,0.4,0.57,4,120.4,0.65,20,44.34,28,110.97
800,200,150,79,0.4,0.57,4,121,0.65,20,44.34,28,180.45
800,200,150,83,0.42,0.57,4,117,0.65,20,44.34,28,151.56
1200,300,150,120.9,0.4,0.57,4,179.1,0.65,20,44.34,28,183.04
1200,300,150,119.4,0.4,0.57,4,180.6,0.65,20,44.34,28,147.53
1200,300,150,120.9,0.4,0.57,4,179.1,0.65,20,44.34,28,159.48
1200,300,150,119.7,0.4,0.57,4,180.3,0.65,20,44.34,28,106.54
1600,400,150,157.2,0.39,0.57,4,242.8,0.65,20,44.34,28,120.73
1600,400,150,157.6,0.39,0.57,4,242.4,0.65,20,44.34,28,174.11
1600,400,150,157.6,0.39,0.57,4,242.4,0.65,20,44.34,28,171.57
1600,400,150,159.2,0.4,0.57,4,240.8,0.65,20,44.34,28,147.92
2000,500,150,200,0.4,0.57,4,300,0.65,20,44.34,28,165.44
2000,500,150,199.5,0.4,0.57,4,300.5,0.65,20,44.34,28,132.85
800,200,150,83,0.42,0.57,4,117,0.65,20,44.34,28,151.56
800,200,150,97.6,0.49,0.57,4,102.4,0.65,20,44.34,28,116.8
800,200,150,100,0.5,0.57,4,100,0.65,20,44.34,28,184.42
800,200,150,101,0.51,0.57,4,99,0.65,20,44.34,28,164.87
800,200,150,100,0.5,0.57,4,100,0.65,20,44.34,28,121.77
400,100,40,50,0.2,0.58,4,50,0.63,20,32.8,28,127.9
400,100,40,50,0.2,0.48,4,50,0.65,20,48.9,28,130.6
400,100,40,50,0.2,0.31,4,50,0.66,20,69.9,28,122.4
400,100,40,50,0.2,0.24,4,50,0.7,20,84.1,28,141
400,100,40,50,0.2,0.23,4,50,0.7,16,115.8,28,138
